country,year,value
Angola,2009,0
Angola,2009,0
Angola,2009,0
Angola,2009,0
Angola,2010,0
Angola,2010,0
Angola,2010,0
Angola,2010,0
Angola,2011,0
Angola,2011,0
Angola,2011,0
Angola,2011,0
Angola,2012,118
Angola,2012,0
Angola,2012,0
Angola,2012,0
Angola,2013,0
Angola,2013,0
Angola,2013,0
Angola,2013,0
Angola,2014,0
Angola,2014,0
Angola,2014,0
Angola,2014,0
Angola,2015,0
Angola,2015,0
Angola,2015,0
Angola,2015,0
Angola,2016,0
Angola,2016,0
Angola,2016,0
Angola,2016,0
Angola,2017,0
Australia,2009,0
Australia,2009,14
Australia,2009,0
Australia,2009,12
Australia,2010,0
Australia,2010,0
Australia,2010,54
Australia,2010,6
Australia,2011,0
Australia,2011,4
Australia,2011,17
Australia,2011,13
Australia,2012,8
Australia,2012,2
Australia,2012,4
Australia,2012,105
Australia,2013,0
Australia,2013,5
Australia,2013,0
Australia,2013,0
Australia,2014,0
Australia,2014,0
Australia,2014,0
Australia,2014,0
Australia,2015,0
Australia,2015,0
Australia,2015,0
Australia,2015,0
Australia,2016,0
Australia,2016,0
Australia,2016,0
Australia,2016,0
Australia,2017,0
Belize,2009,0
Belize,2009,0
Belize,2009,0
Belize,2009,0
Belize,2010,0
Belize,2010,33
Belize,2010,17
Belize,2010,39
Belize,2011,174
Belize,2011,231
Belize,2011,353
Belize,2011,1029
Belize,2012,2551
Belize,2012,849
Belize,2012,1237
Belize,2012,354
Belize,2013,305
Belize,2013,1112
Belize,2013,2136
Belize,2013,1822
Belize,2014,294.74775
Belize,2014,386.622
Belize,2014,2219.92125
Belize,2014,993.66
Belize,2015,93.2325
Belize,2015,89.35875
Belize,2015,376.46175
Belize,2015,111.075
Belize,2016,20.9175
Belize,2016,21.75
Belize,2016,118.5075
Belize,2016,233.085
Belize,2017,0
Benin,2009,0
Benin,2009,0
Benin,2009,35
Benin,2009,247
Benin,2010,0
Benin,2010,855
Benin,2010,1886
Benin,2010,560
Benin,2011,173
Benin,2011,5250
Benin,2011,15957
Benin,2011,19425
Benin,2012,12669
Benin,2012,17283
Benin,2012,8936
Benin,2012,12628
Benin,2013,14035
Benin,2013,11430
Benin,2013,13834
Benin,2013,7778
Benin,2014,23028.97275
Benin,2014,46190.346
Benin,2014,21281.1555
Benin,2014,6021.13275
Benin,2015,4909.4685
Benin,2015,8597.71875
Benin,2015,5519.0475
Benin,2015,1806.657
Benin,2016,7709.016
Benin,2016,14560.668
Benin,2016,754.575
Benin,2016,15
Benin,2017,0
Bolivia,2009,0
Bolivia,2009,0
Bolivia,2009,0
Bolivia,2009,0
Bolivia,2010,0
Bolivia,2010,0
Bolivia,2010,0
Bolivia,2010,0
Bolivia,2011,0
Bolivia,2011,0
Bolivia,2011,18
Bolivia,2011,38
Bolivia,2012,38
Bolivia,2012,0
Bolivia,2012,35
Bolivia,2012,0
Bolivia,2013,0
Bolivia,2013,0
Bolivia,2013,0
Bolivia,2013,0
Bolivia,2014,0
Bolivia,2014,0
Bolivia,2014,0
Bolivia,2014,0
Bolivia,2015,0
Bolivia,2015,0
Bolivia,2015,0
Bolivia,2015,0
Bolivia,2016,0
Bolivia,2016,0
Bolivia,2016,0
Bolivia,2016,0
Bolivia,2017,0
Brazil,2009,0
Brazil,2009,0
Brazil,2009,0
Brazil,2009,0
Brazil,2010,0
Brazil,2010,0
Brazil,2010,0
Brazil,2010,37
Brazil,2011,0
Brazil,2011,0
Brazil,2011,15
Brazil,2011,13
Brazil,2012,16
Brazil,2012,0
Brazil,2012,18
Brazil,2012,0
Brazil,2013,0
Brazil,2013,0
Brazil,2013,0
Brazil,2013,0
Brazil,2014,0
Brazil,2014,0
Brazil,2014,0
Brazil,2014,0
Brazil,2015,18.36075
Brazil,2015,0
Brazil,2015,13.73025
Brazil,2015,13.97025
Brazil,2016,0
Brazil,2016,0
Brazil,2016,0
Brazil,2016,13.2285
Brazil,2017,0
Burkina Faso,2009,0
Burkina Faso,2009,0
Burkina Faso,2009,0
Burkina Faso,2009,0
Burkina Faso,2010,0
Burkina Faso,2010,0
Burkina Faso,2010,0
Burkina Faso,2010,0
Burkina Faso,2011,0
Burkina Faso,2011,0
Burkina Faso,2011,0
Burkina Faso,2011,0
Burkina Faso,2012,0
Burkina Faso,2012,0
Burkina Faso,2012,366
Burkina Faso,2012,0
Burkina Faso,2013,0
Burkina Faso,2013,0
Burkina Faso,2013,0
Burkina Faso,2013,0
Burkina Faso,2014,0
Burkina Faso,2014,0
Burkina Faso,2014,0
Burkina Faso,2014,0
Burkina Faso,2015,0
Burkina Faso,2015,0
Burkina Faso,2015,0
Burkina Faso,2015,0
Burkina Faso,2016,0
Burkina Faso,2016,0
Burkina Faso,2016,0
Burkina Faso,2016,0
Burkina Faso,2017,0
Cambodia,2009,1034
Cambodia,2009,1344
Cambodia,2009,1095
Cambodia,2009,2063
Cambodia,2010,233
Cambodia,2010,834
Cambodia,2010,1352
Cambodia,2010,905
Cambodia,2011,200
Cambodia,2011,3927
Cambodia,2011,4796
Cambodia,2011,894
Cambodia,2012,857
Cambodia,2012,2117
Cambodia,2012,1839
Cambodia,2012,2035
Cambodia,2013,1997
Cambodia,2013,4041
Cambodia,2013,10112
Cambodia,2013,4615
Cambodia,2014,13983.57675
Cambodia,2014,21374.25975
Cambodia,2014,17255.49075
Cambodia,2014,2396.95125
Cambodia,2015,1055.3625
Cambodia,2015,722.7
Cambodia,2015,674.7825
Cambodia,2015,535.011
Cambodia,2016,1040.646
Cambodia,2016,310.6425
Cambodia,2016,403.5975
Cambodia,2016,0
Cambodia,2017,244.47675
Cameroon,2009,130
Cameroon,2009,0
Cameroon,2009,0
Cameroon,2009,24
Cameroon,2010,0
Cameroon,2010,54
Cameroon,2010,1
Cameroon,2010,0
Cameroon,2011,193
Cameroon,2011,101
Cameroon,2011,597
Cameroon,2011,217
Cameroon,2012,311
Cameroon,2012,9
Cameroon,2012,29
Cameroon,2012,39
Cameroon,2013,16
Cameroon,2013,16
Cameroon,2013,141
Cameroon,2013,282
Cameroon,2014,43.1805
Cameroon,2014,0
Cameroon,2014,0
Cameroon,2014,30.46275
Cameroon,2015,14.2605
Cameroon,2015,18.417
Cameroon,2015,76.20375
Cameroon,2015,23.60175
Cameroon,2016,0
Cameroon,2016,6.24825
Cameroon,2016,24.59775
Cameroon,2016,353.2995
Cameroon,2017,28.6695
Chile,2009,16
Chile,2009,0
Chile,2009,0
Chile,2009,0
Chile,2010,0
Chile,2010,0
Chile,2010,0
Chile,2010,0
Chile,2011,0
Chile,2011,0
Chile,2011,0
Chile,2011,0
Chile,2012,0
Chile,2012,0
Chile,2012,0
Chile,2012,0
Chile,2013,0
Chile,2013,0
Chile,2013,0
Chile,2013,0
Chile,2014,0
Chile,2014,0
Chile,2014,0
Chile,2014,0
Chile,2015,0
Chile,2015,0
Chile,2015,0
Chile,2015,0
Chile,2016,0
Chile,2016,0
Chile,2016,0
Chile,2016,0
Chile,2017,0
China,2009,0
China,2009,0
China,2009,0
China,2009,0
China,2010,0
China,2010,0
China,2010,0
China,2010,0
China,2011,0
China,2011,0
China,2011,0
China,2011,0
China,2012,0
China,2012,0
China,2012,0
China,2012,0
China,2013,0
China,2013,0
China,2013,0
China,2013,0
China,2014,36.96
China,2014,0
China,2014,0
China,2014,0
China,2015,0
China,2015,0
China,2015,0
China,2015,0
China,2016,0
China,2016,0
China,2016,0
China,2016,0
China,2017,0
Colombia,2009,0
Colombia,2009,0
Colombia,2009,0
Colombia,2009,0
Colombia,2010,0
Colombia,2010,0
Colombia,2010,0
Colombia,2010,0
Colombia,2011,0
Colombia,2011,0
Colombia,2011,0
Colombia,2011,0
Colombia,2012,0
Colombia,2012,26
Colombia,2012,0
Colombia,2012,0
Colombia,2013,0
Colombia,2013,0
Colombia,2013,0
Colombia,2013,0
Colombia,2014,0
Colombia,2014,0
Colombia,2014,43.2
Colombia,2014,0
Colombia,2015,0
Colombia,2015,0
Colombia,2015,0
Colombia,2015,0
Colombia,2016,0
Colombia,2016,0
Colombia,2016,0
Colombia,2016,0
Colombia,2017,0
Congo,2009,341
Congo,2009,485
Congo,2009,158
Congo,2009,354
Congo,2010,29
Congo,2010,100
Congo,2010,98
Congo,2010,264
Congo,2011,2786
Congo,2011,4174
Congo,2011,3178
Congo,2011,3435
Congo,2012,3310
Congo,2012,6894
Congo,2012,1258
Congo,2012,2767
Congo,2013,4343
Congo,2013,2505
Congo,2013,2268
Congo,2013,1562
Congo,2014,665.9955
Congo,2014,1138.5675
Congo,2014,4367.45475
Congo,2014,1446.40425
Congo,2015,2774.53875
Congo,2015,2108.00325
Congo,2015,1616.823
Congo,2015,1202.63625
Congo,2016,1304.4975
Congo,2016,2170.683
Congo,2016,3275.337
Congo,2016,2131.07925
Congo,2017,2390.3445
"Congo, Dem. Rep.",2009,470
"Congo, Dem. Rep.",2009,357
"Congo, Dem. Rep.",2009,0
"Congo, Dem. Rep.",2009,526
"Congo, Dem. Rep.",2010,1940
"Congo, Dem. Rep.",2010,1883
"Congo, Dem. Rep.",2010,1381
"Congo, Dem. Rep.",2010,2712
"Congo, Dem. Rep.",2011,6157
"Congo, Dem. Rep.",2011,7291
"Congo, Dem. Rep.",2011,11463
"Congo, Dem. Rep.",2011,11008
"Congo, Dem. Rep.",2012,13815
"Congo, Dem. Rep.",2012,9067
"Congo, Dem. Rep.",2012,12059
"Congo, Dem. Rep.",2012,15583
"Congo, Dem. Rep.",2013,6928
"Congo, Dem. Rep.",2013,4635
"Congo, Dem. Rep.",2013,12083
"Congo, Dem. Rep.",2013,10241
"Congo, Dem. Rep.",2014,13038.522
"Congo, Dem. Rep.",2014,9107.907
"Congo, Dem. Rep.",2014,7238.90625
"Congo, Dem. Rep.",2014,11585.247
"Congo, Dem. Rep.",2015,10849.69725
"Congo, Dem. Rep.",2015,11120.33925
"Congo, Dem. Rep.",2015,8683.548
"Congo, Dem. Rep.",2015,1701.0255
"Congo, Dem. Rep.",2016,3275.16375
"Congo, Dem. Rep.",2016,3057.432
"Congo, Dem. Rep.",2016,5611.7745
"Congo, Dem. Rep.",2016,1191.30525
"Congo, Dem. Rep.",2017,2419.4475
Costa Rica,2009,0
Costa Rica,2009,0
Costa Rica,2009,0
Costa Rica,2009,0
Costa Rica,2010,0
Costa Rica,2010,0
Costa Rica,2010,0
Costa Rica,2010,0
Costa Rica,2011,0
Costa Rica,2011,0
Costa Rica,2011,78
Costa Rica,2011,108
Costa Rica,2012,292
Costa Rica,2012,381
Costa Rica,2012,147
Costa Rica,2012,20
Costa Rica,2013,39
Costa Rica,2013,40
Costa Rica,2013,0
Costa Rica,2013,64
Costa Rica,2014,19.08
Costa Rica,2014,19.875
Costa Rica,2014,215.00025
Costa Rica,2014,115.63425
Costa Rica,2015,122.22
Costa Rica,2015,21
Costa Rica,2015,136.065
Costa Rica,2015,37.425
Costa Rica,2016,100.3875
Costa Rica,2016,0
Costa Rica,2016,20.4
Costa Rica,2016,20.19
Costa Rica,2017,40.635
Cote d Ivoire,2009,0
Cote d Ivoire,2009,0
Cote d Ivoire,2009,0
Cote d Ivoire,2009,0
Cote d Ivoire,2010,0
Cote d Ivoire,2010,0
Cote d Ivoire,2010,32
Cote d Ivoire,2010,166
Cote d Ivoire,2011,0
Cote d Ivoire,2011,0
Cote d Ivoire,2011,375
Cote d Ivoire,2011,1607
Cote d Ivoire,2012,1386
Cote d Ivoire,2012,1710
Cote d Ivoire,2012,2543
Cote d Ivoire,2012,6640
Cote d Ivoire,2013,20767
Cote d Ivoire,2013,12728
Cote d Ivoire,2013,55297
Cote d Ivoire,2013,15269
Cote d Ivoire,2014,1846.03425
Cote d Ivoire,2014,6853.44
Cote d Ivoire,2014,26803.155
Cote d Ivoire,2014,27956.42925
Cote d Ivoire,2015,10058.2275
Cote d Ivoire,2015,1464.87975
Cote d Ivoire,2015,1277.919
Cote d Ivoire,2015,192.525
Cote d Ivoire,2016,3189.789
Cote d Ivoire,2016,3568.644
Cote d Ivoire,2016,539.1675
Cote d Ivoire,2016,0
Cote d Ivoire,2017,0
East Timor,2009,0
East Timor,2009,0
East Timor,2009,0
East Timor,2009,0
East Timor,2010,0
East Timor,2010,0
East Timor,2010,0
East Timor,2010,0
East Timor,2011,0
East Timor,2011,0
East Timor,2011,0
East Timor,2011,349
East Timor,2012,0
East Timor,2012,0
East Timor,2012,0
East Timor,2012,0
East Timor,2013,0
East Timor,2013,0
East Timor,2013,0
East Timor,2013,0
East Timor,2014,0
East Timor,2014,0
East Timor,2014,0
East Timor,2014,0
East Timor,2015,0
East Timor,2015,0
East Timor,2015,0
East Timor,2015,0
East Timor,2016,0
East Timor,2016,0
East Timor,2016,0
East Timor,2016,0
East Timor,2017,14.82
Ecuador,2009,0
Ecuador,2009,0
Ecuador,2009,0
Ecuador,2009,0
Ecuador,2010,0
Ecuador,2010,0
Ecuador,2010,0
Ecuador,2010,0
Ecuador,2011,0
Ecuador,2011,0
Ecuador,2011,0
Ecuador,2011,0
Ecuador,2012,15
Ecuador,2012,0
Ecuador,2012,0
Ecuador,2012,0
Ecuador,2013,23
Ecuador,2013,0
Ecuador,2013,0
Ecuador,2013,0
Ecuador,2014,0
Ecuador,2014,0
Ecuador,2014,0
Ecuador,2014,0
Ecuador,2015,52.45875
Ecuador,2015,0
Ecuador,2015,0
Ecuador,2015,57.9825
Ecuador,2016,0
Ecuador,2016,0
Ecuador,2016,0
Ecuador,2016,0
Ecuador,2017,0
El Salvador,2009,0
El Salvador,2009,0
El Salvador,2009,0
El Salvador,2009,0
El Salvador,2010,0
El Salvador,2010,0
El Salvador,2010,0
El Salvador,2010,0
El Salvador,2011,0
El Salvador,2011,0
El Salvador,2011,0
El Salvador,2011,14
El Salvador,2012,0
El Salvador,2012,24
El Salvador,2012,13
El Salvador,2012,14
El Salvador,2013,30
El Salvador,2013,45
El Salvador,2013,16
El Salvador,2013,38
El Salvador,2014,48.705
El Salvador,2014,109.59
El Salvador,2014,10.8825
El Salvador,2014,27.975
El Salvador,2015,84.7725
El Salvador,2015,0
El Salvador,2015,0
El Salvador,2015,0
El Salvador,2016,0
El Salvador,2016,0
El Salvador,2016,0
El Salvador,2016,0
El Salvador,2017,0
Equatorial Guinea,2009,0
Equatorial Guinea,2009,0
Equatorial Guinea,2009,0
Equatorial Guinea,2009,0
Equatorial Guinea,2010,0
Equatorial Guinea,2010,0
Equatorial Guinea,2010,0
Equatorial Guinea,2010,0
Equatorial Guinea,2011,0
Equatorial Guinea,2011,178
Equatorial Guinea,2011,374
Equatorial Guinea,2011,230
Equatorial Guinea,2012,98
Equatorial Guinea,2012,111
Equatorial Guinea,2012,0
Equatorial Guinea,2012,0
Equatorial Guinea,2013,0
Equatorial Guinea,2013,0
Equatorial Guinea,2013,3
Equatorial Guinea,2013,0
Equatorial Guinea,2014,0
Equatorial Guinea,2014,0
Equatorial Guinea,2014,0
Equatorial Guinea,2014,0
Equatorial Guinea,2015,0
Equatorial Guinea,2015,0
Equatorial Guinea,2015,0
Equatorial Guinea,2015,0
Equatorial Guinea,2016,0
Equatorial Guinea,2016,54.46575
Equatorial Guinea,2016,0
Equatorial Guinea,2016,12.5295
Equatorial Guinea,2017,4.074
Fiji,2009,0
Fiji,2009,0
Fiji,2009,0
Fiji,2009,0
Fiji,2010,0
Fiji,2010,0
Fiji,2010,0
Fiji,2010,0
Fiji,2011,0
Fiji,2011,0
Fiji,2011,0
Fiji,2011,0
Fiji,2012,0
Fiji,2012,0
Fiji,2012,0
Fiji,2012,0
Fiji,2013,0
Fiji,2013,0
Fiji,2013,0
Fiji,2013,0
Fiji,2014,0
Fiji,2014,0
Fiji,2014,0
Fiji,2014,0
Fiji,2015,0
Fiji,2015,0
Fiji,2015,0
Fiji,2015,0
Fiji,2016,0
Fiji,2016,0
Fiji,2016,0
Fiji,2016,0
Fiji,2017,0
Gabon,2009,947
Gabon,2009,378
Gabon,2009,1008
Gabon,2009,304
Gabon,2010,1246
Gabon,2010,1887
Gabon,2010,115
Gabon,2010,156
Gabon,2011,0
Gabon,2011,93
Gabon,2011,0
Gabon,2011,188
Gabon,2012,73
Gabon,2012,99
Gabon,2012,20
Gabon,2012,7
Gabon,2013,0
Gabon,2013,147
Gabon,2013,0
Gabon,2013,0
Gabon,2014,0
Gabon,2014,0
Gabon,2014,0
Gabon,2014,0
Gabon,2015,0
Gabon,2015,0
Gabon,2015,0
Gabon,2015,0
Gabon,2016,0
Gabon,2016,0
Gabon,2016,0
Gabon,2016,0
Gabon,2017,121.917
Gambia,2009,0
Gambia,2009,0
Gambia,2009,0
Gambia,2009,0
Gambia,2010,0
Gambia,2010,208
Gambia,2010,2742
Gambia,2010,3784
Gambia,2011,3284
Gambia,2011,0
Gambia,2011,19050
Gambia,2011,31888
Gambia,2012,20931
Gambia,2012,20279
Gambia,2012,43320
Gambia,2012,50042
Gambia,2013,62268
Gambia,2013,36191
Gambia,2013,19431
Gambia,2013,4048
Gambia,2014,6828.48375
Gambia,2014,6686.895
Gambia,2014,11963.0775
Gambia,2014,17985.44775
Gambia,2015,22320.738
Gambia,2015,12855.95325
Gambia,2015,17798.67675
Gambia,2015,6932.0895
Gambia,2016,11212.65975
Gambia,2016,31726.54125
Gambia,2016,35972.76375
Gambia,2016,41742.1215
Gambia,2017,24731.7765
Germany,2009,0
Germany,2009,0
Germany,2009,0
Germany,2009,0
Germany,2010,0
Germany,2010,0
Germany,2010,0
Germany,2010,0
Germany,2011,0
Germany,2011,0
Germany,2011,0
Germany,2011,0
Germany,2012,0
Germany,2012,0
Germany,2012,0
Germany,2012,0
Germany,2013,0
Germany,2013,0
Germany,2013,0
Germany,2013,0
Germany,2014,0
Germany,2014,17.25
Germany,2014,0
Germany,2014,0
Germany,2015,0
Germany,2015,0
Germany,2015,0
Germany,2015,0
Germany,2016,0
Germany,2016,0
Germany,2016,0
Germany,2016,0
Germany,2017,0
Ghana,2009,0
Ghana,2009,0
Ghana,2009,0
Ghana,2009,0
Ghana,2010,0
Ghana,2010,0
Ghana,2010,0
Ghana,2010,81
Ghana,2011,391
Ghana,2011,1203
Ghana,2011,5938
Ghana,2011,7452
Ghana,2012,6641
Ghana,2012,22897
Ghana,2012,31271
Ghana,2012,13186
Ghana,2013,16541
Ghana,2013,16058
Ghana,2013,38119
Ghana,2013,18518
Ghana,2014,37148.07225
Ghana,2014,21920.98575
Ghana,2014,74051.0145
Ghana,2014,21093.09
Ghana,2015,5429.32425
Ghana,2015,5298.94875
Ghana,2015,4594.11375
Ghana,2015,7273.0665
Ghana,2016,19559.736
Ghana,2016,41371.21875
Ghana,2016,29297.82075
Ghana,2016,26879.5545
Ghana,2017,40148.514
Guatemala,2009,16
Guatemala,2009,0
Guatemala,2009,0
Guatemala,2009,0
Guatemala,2010,0
Guatemala,2010,0
Guatemala,2010,0
Guatemala,2010,0
Guatemala,2011,16
Guatemala,2011,130
Guatemala,2011,243
Guatemala,2011,493
Guatemala,2012,798
Guatemala,2012,20
Guatemala,2012,45
Guatemala,2012,20
Guatemala,2013,29
Guatemala,2013,0
Guatemala,2013,0
Guatemala,2013,0
Guatemala,2014,0
Guatemala,2014,19.125
Guatemala,2014,0
Guatemala,2014,0
Guatemala,2015,74.958
Guatemala,2015,172.6605
Guatemala,2015,361.64475
Guatemala,2015,287.505
Guatemala,2016,0
Guatemala,2016,89.04375
Guatemala,2016,351.42975
Guatemala,2016,143.565
Guatemala,2017,47.6175
Guinea,2009,0
Guinea,2009,0
Guinea,2009,0
Guinea,2009,0
Guinea,2010,0
Guinea,2010,570
Guinea,2010,1966
Guinea,2010,949
Guinea,2011,2133
Guinea,2011,372
Guinea,2011,428
Guinea,2011,0
Guinea,2012,0
Guinea,2012,0
Guinea,2012,0
Guinea,2012,337
Guinea,2013,0
Guinea,2013,0
Guinea,2013,298
Guinea,2013,0
Guinea,2014,72.3225
Guinea,2014,69.3
Guinea,2014,34.5
Guinea,2014,12.75
Guinea,2015,0
Guinea,2015,0
Guinea,2015,0
Guinea,2015,0
Guinea,2016,0
Guinea,2016,15.6
Guinea,2016,1225.5
Guinea,2016,0
Guinea,2017,204.75
Guinea-Bissau,2009,0
Guinea-Bissau,2009,0
Guinea-Bissau,2009,0
Guinea-Bissau,2009,0
Guinea-Bissau,2010,0
Guinea-Bissau,2010,0
Guinea-Bissau,2010,213
Guinea-Bissau,2010,357
Guinea-Bissau,2011,1177
Guinea-Bissau,2011,3326
Guinea-Bissau,2011,1795
Guinea-Bissau,2011,1309
Guinea-Bissau,2012,2217
Guinea-Bissau,2012,3208
Guinea-Bissau,2012,2063
Guinea-Bissau,2012,2939
Guinea-Bissau,2013,1062
Guinea-Bissau,2013,572
Guinea-Bissau,2013,8037
Guinea-Bissau,2013,6081
Guinea-Bissau,2014,12131.1525
Guinea-Bissau,2014,31774.68225
Guinea-Bissau,2014,28029.90075
Guinea-Bissau,2014,403.98
Guinea-Bissau,2015,549.045
Guinea-Bissau,2015,19174.506
Guinea-Bissau,2015,4832.3175
Guinea-Bissau,2015,131.25
Guinea-Bissau,2016,246.975
Guinea-Bissau,2016,0
Guinea-Bissau,2016,0
Guinea-Bissau,2016,0
Guinea-Bissau,2017,0
Guyana,2009,19
Guyana,2009,0
Guyana,2009,0
Guyana,2009,0
Guyana,2010,0
Guyana,2010,47
Guyana,2010,0
Guyana,2010,0
Guyana,2011,0
Guyana,2011,0
Guyana,2011,0
Guyana,2011,0
Guyana,2012,0
Guyana,2012,0
Guyana,2012,0
Guyana,2012,0
Guyana,2013,0
Guyana,2013,0
Guyana,2013,0
Guyana,2013,0
Guyana,2014,0
Guyana,2014,0
Guyana,2014,0
Guyana,2014,3.309
Guyana,2015,0
Guyana,2015,0
Guyana,2015,0
Guyana,2015,0
Guyana,2016,0
Guyana,2016,0
Guyana,2016,0
Guyana,2016,0
Guyana,2017,0
Honduras,2009,0
Honduras,2009,0
Honduras,2009,0
Honduras,2009,0
Honduras,2010,0
Honduras,2010,0
Honduras,2010,0
Honduras,2010,0
Honduras,2011,0
Honduras,2011,0
Honduras,2011,0
Honduras,2011,0
Honduras,2012,0
Honduras,2012,0
Honduras,2012,45
Honduras,2012,37
Honduras,2013,36
Honduras,2013,18
Honduras,2013,75
Honduras,2013,553
Honduras,2014,1117.56
Honduras,2014,514.59
Honduras,2014,110.568
Honduras,2014,136.515
Honduras,2015,45.93075
Honduras,2015,0
Honduras,2015,9.72
Honduras,2015,0
Honduras,2016,0
Honduras,2016,0
Honduras,2016,0
Honduras,2016,0
Honduras,2017,0
India,2009,52
India,2009,61
India,2009,43
India,2009,60
India,2010,0
India,2010,0
India,2010,55
India,2010,14
India,2011,43
India,2011,20
India,2011,1
India,2011,26
India,2012,69
India,2012,81
India,2012,0
India,2012,0
India,2013,0
India,2013,0
India,2013,0
India,2013,0
India,2014,0
India,2014,0
India,2014,0
India,2014,0
India,2015,0
India,2015,607.21725
India,2015,77.1735
India,2015,660.1605
India,2016,240.903
India,2016,96.84075
India,2016,39.33
India,2016,54.78975
India,2017,106.4655
Indonesia,2009,152
Indonesia,2009,397
Indonesia,2009,66
Indonesia,2009,390
Indonesia,2010,290
Indonesia,2010,254
Indonesia,2010,104
Indonesia,2010,426
Indonesia,2011,558
Indonesia,2011,763
Indonesia,2011,951
Indonesia,2011,3064
Indonesia,2012,1412
Indonesia,2012,696
Indonesia,2012,964
Indonesia,2012,412
Indonesia,2013,104
Indonesia,2013,44
Indonesia,2013,378
Indonesia,2013,1429
Indonesia,2014,2569.96725
Indonesia,2014,3133.09275
Indonesia,2014,1604.57325
Indonesia,2014,718.5075
Indonesia,2015,545.31525
Indonesia,2015,631.905
Indonesia,2015,600.20775
Indonesia,2015,865.10775
Indonesia,2016,1398.183
Indonesia,2016,1801.40325
Indonesia,2016,1950.315
Indonesia,2016,2378.28675
Indonesia,2017,1890.045
Japan,2009,0
Japan,2009,0
Japan,2009,0
Japan,2009,0
Japan,2010,0
Japan,2010,0
Japan,2010,0
Japan,2010,0
Japan,2011,0
Japan,2011,0
Japan,2011,0
Japan,2011,0
Japan,2012,0
Japan,2012,0
Japan,2012,0
Japan,2012,0
Japan,2013,0
Japan,2013,0
Japan,2013,0
Japan,2013,0
Japan,2014,0
Japan,2014,0
Japan,2014,10.3935
Japan,2014,0
Japan,2015,0
Japan,2015,0
Japan,2015,0
Japan,2015,0
Japan,2016,0
Japan,2016,0
Japan,2016,0
Japan,2016,0
Japan,2017,0
Kenya,2009,0
Kenya,2009,0
Kenya,2009,0
Kenya,2009,0
Kenya,2010,0
Kenya,2010,0
Kenya,2010,0
Kenya,2010,0
Kenya,2011,0
Kenya,2011,0
Kenya,2011,0
Kenya,2011,0
Kenya,2012,0
Kenya,2012,0
Kenya,2012,20
Kenya,2012,0
Kenya,2013,0
Kenya,2013,0
Kenya,2013,65
Kenya,2013,202
Kenya,2014,14.25
Kenya,2014,0
Kenya,2014,0
Kenya,2014,0
Kenya,2015,0
Kenya,2015,0
Kenya,2015,0
Kenya,2015,0
Kenya,2016,0
Kenya,2016,0
Kenya,2016,0
Kenya,2016,0
Kenya,2017,0
Laos,2009,1705
Laos,2009,2414
Laos,2009,5195
Laos,2009,5438
Laos,2010,7241
Laos,2010,6867
Laos,2010,7211
Laos,2010,18201
Laos,2011,16130
Laos,2011,16979
Laos,2011,30454
Laos,2011,16614
Laos,2012,19554
Laos,2012,26708
Laos,2012,15452
Laos,2012,11631
Laos,2013,15104
Laos,2013,24922
Laos,2013,42570
Laos,2013,93620
Laos,2014,159578.289
Laos,2014,147893.334
Laos,2014,75630.25125
Laos,2014,35601.876
Laos,2015,41221.986
Laos,2015,47576.4075
Laos,2015,44157.92775
Laos,2015,46855.78575
Laos,2016,35821.068
Laos,2016,24006.5205
Laos,2016,14194.0125
Laos,2016,18283.48125
Laos,2017,22974.30825
Liberia,2009,0
Liberia,2009,0
Liberia,2009,0
Liberia,2009,0
Liberia,2010,0
Liberia,2010,0
Liberia,2010,0
Liberia,2010,0
Liberia,2011,0
Liberia,2011,0
Liberia,2011,0
Liberia,2011,0
Liberia,2012,0
Liberia,2012,0
Liberia,2012,50
Liberia,2012,0
Liberia,2013,0
Liberia,2013,0
Liberia,2013,0
Liberia,2013,0
Liberia,2014,0
Liberia,2014,16.5
Liberia,2014,0
Liberia,2014,0
Liberia,2015,0
Liberia,2015,0
Liberia,2015,0
Liberia,2015,0
Liberia,2016,0
Liberia,2016,0
Liberia,2016,0
Liberia,2016,0
Liberia,2017,0
Madagascar,2009,424
Madagascar,2009,4108
Madagascar,2009,98
Madagascar,2009,78
Madagascar,2010,1861
Madagascar,2010,4611
Madagascar,2010,12342
Madagascar,2010,3300
Madagascar,2011,747
Madagascar,2011,568
Madagascar,2011,184
Madagascar,2011,104
Madagascar,2012,156
Madagascar,2012,2271
Madagascar,2012,580
Madagascar,2012,4
Madagascar,2013,0
Madagascar,2013,0
Madagascar,2013,0
Madagascar,2013,0
Madagascar,2014,0
Madagascar,2014,0
Madagascar,2014,0
Madagascar,2014,0
Madagascar,2015,0
Madagascar,2015,0
Madagascar,2015,0
Madagascar,2015,0
Madagascar,2016,0
Madagascar,2016,0
Madagascar,2016,0
Madagascar,2016,0
Madagascar,2017,0
Malawi,2009,0
Malawi,2009,0
Malawi,2009,0
Malawi,2009,0
Malawi,2010,0
Malawi,2010,0
Malawi,2010,0
Malawi,2010,0
Malawi,2011,0
Malawi,2011,0
Malawi,2011,0
Malawi,2011,0
Malawi,2012,0
Malawi,2012,0
Malawi,2012,0
Malawi,2012,0
Malawi,2013,0
Malawi,2013,37
Malawi,2013,0
Malawi,2013,0
Malawi,2014,0
Malawi,2014,0
Malawi,2014,0
Malawi,2014,0
Malawi,2015,0
Malawi,2015,0
Malawi,2015,0
Malawi,2015,0
Malawi,2016,0
Malawi,2016,0
Malawi,2016,0
Malawi,2016,0
Malawi,2017,0
Malaysia,2009,103
Malaysia,2009,283
Malaysia,2009,187
Malaysia,2009,62
Malaysia,2010,162
Malaysia,2010,919
Malaysia,2010,2815
Malaysia,2010,15852
Malaysia,2011,1945
Malaysia,2011,1340
Malaysia,2011,1762
Malaysia,2011,2140
Malaysia,2012,874
Malaysia,2012,1538
Malaysia,2012,1384
Malaysia,2012,738
Malaysia,2013,690
Malaysia,2013,558
Malaysia,2013,606
Malaysia,2013,167
Malaysia,2014,953.808
Malaysia,2014,3166.9395
Malaysia,2014,3832.49025
Malaysia,2014,3090.92775
Malaysia,2015,2851.43175
Malaysia,2015,1743.18675
Malaysia,2015,887.109
Malaysia,2015,495.4785
Malaysia,2016,563.751
Malaysia,2016,462.564
Malaysia,2016,697.143
Malaysia,2016,611.439
Malaysia,2017,377.4195
Maldives,2009,0
Maldives,2009,0
Maldives,2009,0
Maldives,2009,0
Maldives,2010,0
Maldives,2010,0
Maldives,2010,0
Maldives,2010,0
Maldives,2011,0
Maldives,2011,8
Maldives,2011,0
Maldives,2011,0
Maldives,2012,0
Maldives,2012,0
Maldives,2012,0
Maldives,2012,0
Maldives,2013,0
Maldives,2013,0
Maldives,2013,0
Maldives,2013,0
Maldives,2014,0
Maldives,2014,0
Maldives,2014,0
Maldives,2014,0
Maldives,2015,0
Maldives,2015,0
Maldives,2015,0
Maldives,2015,0
Maldives,2016,0
Maldives,2016,0
Maldives,2016,0
Maldives,2016,0
Maldives,2017,0
Mali,2009,30
Mali,2009,0
Mali,2009,0
Mali,2009,0
Mali,2010,0
Mali,2010,0
Mali,2010,33
Mali,2010,0
Mali,2011,0
Mali,2011,0
Mali,2011,0
Mali,2011,14
Mali,2012,39
Mali,2012,15
Mali,2012,28
Mali,2012,86
Mali,2013,52
Mali,2013,79
Mali,2013,122
Mali,2013,269
Mali,2014,684.9075
Mali,2014,597.1875
Mali,2014,671.13
Mali,2014,876
Mali,2015,1629.55875
Mali,2015,2319.06
Mali,2015,1908.8625
Mali,2015,1932.2025
Mali,2016,596.175
Mali,2016,1554.75
Mali,2016,4489.0725
Mali,2016,39
Mali,2017,5375.3625
Mexico,2009,23
Mexico,2009,67
Mexico,2009,34
Mexico,2009,57
Mexico,2010,91
Mexico,2010,87
Mexico,2010,301
Mexico,2010,238
Mexico,2011,319
Mexico,2011,770
Mexico,2011,1751
Mexico,2011,1171
Mexico,2012,1845
Mexico,2012,2638
Mexico,2012,1574
Mexico,2012,673
Mexico,2013,432
Mexico,2013,523
Mexico,2013,779
Mexico,2013,1625
Mexico,2014,1209.549
Mexico,2014,1433.7225
Mexico,2014,322.5375
Mexico,2014,912.97275
Mexico,2015,543.5325
Mexico,2015,823.7895
Mexico,2015,1391.7075
Mexico,2015,346.8675
Mexico,2016,79.14
Mexico,2016,120.9975
Mexico,2016,127.2825
Mexico,2016,0
Mexico,2017,0
Mozambique,2009,615
Mozambique,2009,509
Mozambique,2009,1628
Mozambique,2009,4004
Mozambique,2010,6126
Mozambique,2010,2916
Mozambique,2010,11428
Mozambique,2010,18729
Mozambique,2011,9342
Mozambique,2011,4983
Mozambique,2011,13283
Mozambique,2011,15457
Mozambique,2012,17758
Mozambique,2012,3630
Mozambique,2012,5864
Mozambique,2012,9720
Mozambique,2013,11659
Mozambique,2013,2397
Mozambique,2013,5521
Mozambique,2013,13644
Mozambique,2014,38114.4165
Mozambique,2014,17182.92825
Mozambique,2014,15777.9465
Mozambique,2014,21193.332
Mozambique,2015,18331.74225
Mozambique,2015,2626.74675
Mozambique,2015,4119.5925
Mozambique,2015,4682.18775
Mozambique,2016,7488.02475
Mozambique,2016,1090.52325
Mozambique,2016,2505.4845
Mozambique,2016,7524.8145
Mozambique,2017,8370.414
Myanmar,2009,4099
Myanmar,2009,10199
Myanmar,2009,13421
Myanmar,2009,10781
Myanmar,2010,4852
Myanmar,2010,14150
Myanmar,2010,9474
Myanmar,2010,12624
Myanmar,2011,12074
Myanmar,2011,17851
Myanmar,2011,13364
Myanmar,2011,10079
Myanmar,2012,17509
Myanmar,2012,25243
Myanmar,2012,18955
Myanmar,2012,15350
Myanmar,2013,55905
Myanmar,2013,130634
Myanmar,2013,9718
Myanmar,2013,41235
Myanmar,2014,100454.8343
Myanmar,2014,72939.79425
Myanmar,2014,18525.94275
Myanmar,2014,13570.632
Myanmar,2015,13463.51025
Myanmar,2015,13773.5025
Myanmar,2015,17715.29775
Myanmar,2015,1627.64475
Myanmar,2016,3461.703
Myanmar,2016,4055.99325
Myanmar,2016,7649.09625
Myanmar,2016,56164.76025
Myanmar,2017,3623.775
Namibia,2009,0
Namibia,2009,0
Namibia,2009,0
Namibia,2009,0
Namibia,2010,0
Namibia,2010,0
Namibia,2010,0
Namibia,2010,0
Namibia,2011,0
Namibia,2011,0
Namibia,2011,0
Namibia,2011,0
Namibia,2012,0
Namibia,2012,0
Namibia,2012,0
Namibia,2012,0
Namibia,2013,0
Namibia,2013,0
Namibia,2013,0
Namibia,2013,0
Namibia,2014,0
Namibia,2014,0
Namibia,2014,0
Namibia,2014,0
Namibia,2015,0
Namibia,2015,0
Namibia,2015,0
Namibia,2015,0
Namibia,2016,0
Namibia,2016,0
Namibia,2016,0
Namibia,2016,36.75
Namibia,2017,57
Nepal,2009,0
Nepal,2009,0
Nepal,2009,0
Nepal,2009,0
Nepal,2010,0
Nepal,2010,0
Nepal,2010,0
Nepal,2010,0
Nepal,2011,0
Nepal,2011,3
Nepal,2011,11
Nepal,2011,12
Nepal,2012,2
Nepal,2012,27
Nepal,2012,22
Nepal,2012,34
Nepal,2013,9
Nepal,2013,12
Nepal,2013,9
Nepal,2013,27
Nepal,2014,0
Nepal,2014,0
Nepal,2014,1.2
Nepal,2014,2.25
Nepal,2015,0
Nepal,2015,0
Nepal,2015,0
Nepal,2015,0
Nepal,2016,0
Nepal,2016,0
Nepal,2016,0
Nepal,2016,0
Nepal,2017,0
Nicaragua,2009,32
Nicaragua,2009,79
Nicaragua,2009,174
Nicaragua,2009,200
Nicaragua,2010,145
Nicaragua,2010,59
Nicaragua,2010,161
Nicaragua,2010,380
Nicaragua,2011,460
Nicaragua,2011,944
Nicaragua,2011,1669
Nicaragua,2011,3422
Nicaragua,2012,9963
Nicaragua,2012,13933
Nicaragua,2012,14670
Nicaragua,2012,17541
Nicaragua,2013,23550
Nicaragua,2013,13635
Nicaragua,2013,149
Nicaragua,2013,97
Nicaragua,2014,717.19275
Nicaragua,2014,546.48
Nicaragua,2014,351.945
Nicaragua,2014,452.826
Nicaragua,2015,559.797
Nicaragua,2015,392.64375
Nicaragua,2015,323.59575
Nicaragua,2015,315.1875
Nicaragua,2016,401.847
Nicaragua,2016,174.24375
Nicaragua,2016,103.86
Nicaragua,2016,426.36
Nicaragua,2017,267.82125
Nigeria,2009,0
Nigeria,2009,0
Nigeria,2009,0
Nigeria,2009,0
Nigeria,2010,0
Nigeria,2010,42
Nigeria,2010,0
Nigeria,2010,0
Nigeria,2011,0
Nigeria,2011,0
Nigeria,2011,0
Nigeria,2011,0
Nigeria,2012,37
Nigeria,2012,112
Nigeria,2012,307
Nigeria,2012,215
Nigeria,2013,858
Nigeria,2013,1842
Nigeria,2013,10689
Nigeria,2013,17477
Nigeria,2014,34089.264
Nigeria,2014,46949.21925
Nigeria,2014,81546.9135
Nigeria,2014,63020.2965
Nigeria,2015,39574.395
Nigeria,2015,42900.51825
Nigeria,2015,103485.8348
Nigeria,2015,27135.81225
Nigeria,2016,45704.52075
Nigeria,2016,95560.374
Nigeria,2016,54190.95975
Nigeria,2016,37799.145
Nigeria,2017,147555.5888
Pakistan,2009,0
Pakistan,2009,4
Pakistan,2009,15
Pakistan,2009,0
Pakistan,2010,0
Pakistan,2010,0
Pakistan,2010,0
Pakistan,2010,0
Pakistan,2011,0
Pakistan,2011,0
Pakistan,2011,0
Pakistan,2011,0
Pakistan,2012,0
Pakistan,2012,0
Pakistan,2012,20
Pakistan,2012,13
Pakistan,2013,16
Pakistan,2013,13
Pakistan,2013,85
Pakistan,2013,80
Pakistan,2014,166.7295
Pakistan,2014,127.8675
Pakistan,2014,0
Pakistan,2014,0
Pakistan,2015,0
Pakistan,2015,0
Pakistan,2015,0
Pakistan,2015,0
Pakistan,2016,0
Pakistan,2016,0
Pakistan,2016,0
Pakistan,2016,0
Pakistan,2017,0
Palau,2009,0
Palau,2009,0
Palau,2009,0
Palau,2009,0
Palau,2010,0
Palau,2010,0
Palau,2010,0
Palau,2010,0
Palau,2011,0
Palau,2011,0
Palau,2011,0
Palau,2011,0
Palau,2012,19
Palau,2012,20
Palau,2012,0
Palau,2012,0
Palau,2013,0
Palau,2013,0
Palau,2013,0
Palau,2013,0
Palau,2014,0
Palau,2014,0
Palau,2014,0
Palau,2014,0
Palau,2015,0
Palau,2015,0
Palau,2015,0
Palau,2015,0
Palau,2016,0
Palau,2016,0
Palau,2016,0
Palau,2016,0
Palau,2017,0
Panama,2009,0
Panama,2009,0
Panama,2009,0
Panama,2009,0
Panama,2010,172
Panama,2010,133
Panama,2010,710
Panama,2010,1568
Panama,2011,3997
Panama,2011,4109
Panama,2011,2931
Panama,2011,4898
Panama,2012,2373
Panama,2012,4982
Panama,2012,2137
Panama,2012,1076
Panama,2013,1123
Panama,2013,559
Panama,2013,178
Panama,2013,520
Panama,2014,2055.12825
Panama,2014,2713.75425
Panama,2014,5097.00975
Panama,2014,742.43925
Panama,2015,272.4285
Panama,2015,372.04725
Panama,2015,284.0535
Panama,2015,309.84075
Panama,2016,252.98325
Panama,2016,353.01
Panama,2016,809.08725
Panama,2016,1129.80525
Panama,2017,655.22925
Papua New Guinea,2009,0
Papua New Guinea,2009,0
Papua New Guinea,2009,0
Papua New Guinea,2009,0
Papua New Guinea,2010,0
Papua New Guinea,2010,0
Papua New Guinea,2010,0
Papua New Guinea,2010,0
Papua New Guinea,2011,0
Papua New Guinea,2011,0
Papua New Guinea,2011,0
Papua New Guinea,2011,0
Papua New Guinea,2012,0
Papua New Guinea,2012,0
Papua New Guinea,2012,0
Papua New Guinea,2012,0
Papua New Guinea,2013,0
Papua New Guinea,2013,0
Papua New Guinea,2013,0
Papua New Guinea,2013,0
Papua New Guinea,2014,0
Papua New Guinea,2014,0
Papua New Guinea,2014,0
Papua New Guinea,2014,0
Papua New Guinea,2015,0
Papua New Guinea,2015,45
Papua New Guinea,2015,0
Papua New Guinea,2015,0
Papua New Guinea,2016,21.1305
Papua New Guinea,2016,23.5395
Papua New Guinea,2016,0
Papua New Guinea,2016,0
Papua New Guinea,2017,0
Paraguay,2009,0
Paraguay,2009,0
Paraguay,2009,0
Paraguay,2009,0
Paraguay,2010,0
Paraguay,2010,0
Paraguay,2010,0
Paraguay,2010,0
Paraguay,2011,0
Paraguay,2011,0
Paraguay,2011,0
Paraguay,2011,0
Paraguay,2012,52
Paraguay,2012,0
Paraguay,2012,0
Paraguay,2012,0
Paraguay,2013,0
Paraguay,2013,0
Paraguay,2013,0
Paraguay,2013,0
Paraguay,2014,0
Paraguay,2014,0
Paraguay,2014,40.4175
Paraguay,2014,0
Paraguay,2015,0
Paraguay,2015,0
Paraguay,2015,0
Paraguay,2015,0
Paraguay,2016,0
Paraguay,2016,0
Paraguay,2016,0
Paraguay,2016,0
Paraguay,2017,20.11125
Philippines,2009,0
Philippines,2009,0
Philippines,2009,0
Philippines,2009,0
Philippines,2010,0
Philippines,2010,0
Philippines,2010,0
Philippines,2010,0
Philippines,2011,0
Philippines,2011,0
Philippines,2011,0
Philippines,2011,0
Philippines,2012,16
Philippines,2012,84
Philippines,2012,19
Philippines,2012,0
Philippines,2013,0
Philippines,2013,0
Philippines,2013,0
Philippines,2013,0
Philippines,2014,7.76325
Philippines,2014,78.2265
Philippines,2014,93.9675
Philippines,2014,63.5325
Philippines,2015,33.7545
Philippines,2015,0
Philippines,2015,0
Philippines,2015,0
Philippines,2016,0
Philippines,2016,1.46925
Philippines,2016,0
Philippines,2016,0
Philippines,2017,0
Senegal,2009,0
Senegal,2009,0
Senegal,2009,0
Senegal,2009,0
Senegal,2010,0
Senegal,2010,0
Senegal,2010,0
Senegal,2010,0
Senegal,2011,0
Senegal,2011,0
Senegal,2011,0
Senegal,2011,0
Senegal,2012,0
Senegal,2012,0
Senegal,2012,0
Senegal,2012,0
Senegal,2013,0
Senegal,2013,0
Senegal,2013,0
Senegal,2013,0
Senegal,2014,0
Senegal,2014,0
Senegal,2014,33.975
Senegal,2014,0
Senegal,2015,0
Senegal,2015,64.5
Senegal,2015,0
Senegal,2015,0
Senegal,2016,0
Senegal,2016,0
Senegal,2016,0
Senegal,2016,0
Senegal,2017,396
Sierra Leone,2009,0
Sierra Leone,2009,0
Sierra Leone,2009,35
Sierra Leone,2009,0
Sierra Leone,2010,0
Sierra Leone,2010,0
Sierra Leone,2010,0
Sierra Leone,2010,0
Sierra Leone,2011,148
Sierra Leone,2011,0
Sierra Leone,2011,0
Sierra Leone,2011,545
Sierra Leone,2012,1158
Sierra Leone,2012,0
Sierra Leone,2012,0
Sierra Leone,2012,182
Sierra Leone,2013,4130
Sierra Leone,2013,6411
Sierra Leone,2013,4463
Sierra Leone,2013,1777
Sierra Leone,2014,1556.25
Sierra Leone,2014,13532.53725
Sierra Leone,2014,3650.634
Sierra Leone,2014,224.25
Sierra Leone,2015,0
Sierra Leone,2015,0
Sierra Leone,2015,0
Sierra Leone,2015,0
Sierra Leone,2016,4755.741
Sierra Leone,2016,18652.67475
Sierra Leone,2016,7131.54
Sierra Leone,2016,10789.74
Sierra Leone,2017,2456.04
Singapore,2009,0
Singapore,2009,0
Singapore,2009,0
Singapore,2009,0
Singapore,2010,0
Singapore,2010,0
Singapore,2010,0
Singapore,2010,0
Singapore,2011,0
Singapore,2011,0
Singapore,2011,0
Singapore,2011,0
Singapore,2012,0
Singapore,2012,0
Singapore,2012,0
Singapore,2012,0
Singapore,2013,0
Singapore,2013,0
Singapore,2013,0
Singapore,2013,0
Singapore,2014,0
Singapore,2014,7.395
Singapore,2014,0
Singapore,2014,0
Singapore,2015,0
Singapore,2015,0
Singapore,2015,0
Singapore,2015,0
Singapore,2016,0
Singapore,2016,0
Singapore,2016,33.645
Singapore,2016,0
Singapore,2017,8.52
Solomon Islands,2009,0
Solomon Islands,2009,0
Solomon Islands,2009,0
Solomon Islands,2009,0
Solomon Islands,2010,0
Solomon Islands,2010,0
Solomon Islands,2010,0
Solomon Islands,2010,0
Solomon Islands,2011,0
Solomon Islands,2011,0
Solomon Islands,2011,0
Solomon Islands,2011,0
Solomon Islands,2012,0
Solomon Islands,2012,0
Solomon Islands,2012,0
Solomon Islands,2012,0
Solomon Islands,2013,0
Solomon Islands,2013,17
Solomon Islands,2013,0
Solomon Islands,2013,7
Solomon Islands,2014,8.9445
Solomon Islands,2014,0
Solomon Islands,2014,1.5
Solomon Islands,2014,0
Solomon Islands,2015,0
Solomon Islands,2015,0
Solomon Islands,2015,0
Solomon Islands,2015,0
Solomon Islands,2016,0
Solomon Islands,2016,0
Solomon Islands,2016,0
Solomon Islands,2016,0
Solomon Islands,2017,0
South Africa,2009,0
South Africa,2009,0
South Africa,2009,0
South Africa,2009,0
South Africa,2010,0
South Africa,2010,0
South Africa,2010,0
South Africa,2010,0
South Africa,2011,0
South Africa,2011,0
South Africa,2011,0
South Africa,2011,0
South Africa,2012,0
South Africa,2012,0
South Africa,2012,0
South Africa,2012,0
South Africa,2013,0
South Africa,2013,0
South Africa,2013,0
South Africa,2013,0
South Africa,2014,0
South Africa,2014,0
South Africa,2014,0
South Africa,2014,0
South Africa,2015,0
South Africa,2015,0
South Africa,2015,0
South Africa,2015,0
South Africa,2016,0
South Africa,2016,0
South Africa,2016,0
South Africa,2016,0
South Africa,2017,18.9
South Sudan,2009,0
South Sudan,2009,0
South Sudan,2009,0
South Sudan,2009,0
South Sudan,2010,0
South Sudan,2010,0
South Sudan,2010,0
South Sudan,2010,0
South Sudan,2011,0
South Sudan,2011,0
South Sudan,2011,0
South Sudan,2011,0
South Sudan,2012,0
South Sudan,2012,0
South Sudan,2012,0
South Sudan,2012,0
South Sudan,2013,0
South Sudan,2013,0
South Sudan,2013,0
South Sudan,2013,0
South Sudan,2014,0
South Sudan,2014,0
South Sudan,2014,0
South Sudan,2014,27.2625
South Sudan,2015,0
South Sudan,2015,13.38
South Sudan,2015,0
South Sudan,2015,0
South Sudan,2016,0
South Sudan,2016,0
South Sudan,2016,0
South Sudan,2016,0
South Sudan,2017,0
Spain,2009,0
Spain,2009,12
Spain,2009,0
Spain,2009,17
Spain,2010,0
Spain,2010,20
Spain,2010,0
Spain,2010,0
Spain,2011,0
Spain,2011,0
Spain,2011,0
Spain,2011,0
Spain,2012,0
Spain,2012,0
Spain,2012,0
Spain,2012,0
Spain,2013,0
Spain,2013,0
Spain,2013,0
Spain,2013,0
Spain,2014,0
Spain,2014,49.5
Spain,2014,0
Spain,2014,0
Spain,2015,0
Spain,2015,0
Spain,2015,0
Spain,2015,0
Spain,2016,0
Spain,2016,0
Spain,2016,0
Spain,2016,0
Spain,2017,0
Sri Lanka,2009,0
Sri Lanka,2009,0
Sri Lanka,2009,0
Sri Lanka,2009,0
Sri Lanka,2010,0
Sri Lanka,2010,0
Sri Lanka,2010,0
Sri Lanka,2010,0
Sri Lanka,2011,0
Sri Lanka,2011,0
Sri Lanka,2011,12
Sri Lanka,2011,55
Sri Lanka,2012,67
Sri Lanka,2012,77
Sri Lanka,2012,132
Sri Lanka,2012,0
Sri Lanka,2013,42
Sri Lanka,2013,17
Sri Lanka,2013,0
Sri Lanka,2013,0
Sri Lanka,2014,0
Sri Lanka,2014,0
Sri Lanka,2014,0
Sri Lanka,2014,0
Sri Lanka,2015,0
Sri Lanka,2015,0
Sri Lanka,2015,0
Sri Lanka,2015,0
Sri Lanka,2016,0
Sri Lanka,2016,0
Sri Lanka,2016,0
Sri Lanka,2016,0
Sri Lanka,2017,0
Sudan,2009,0
Sudan,2009,0
Sudan,2009,0
Sudan,2009,0
Sudan,2010,0
Sudan,2010,0
Sudan,2010,0
Sudan,2010,0
Sudan,2011,0
Sudan,2011,0
Sudan,2011,0
Sudan,2011,0
Sudan,2012,76
Sudan,2012,0
Sudan,2012,0
Sudan,2012,0
Sudan,2013,0
Sudan,2013,50
Sudan,2013,0
Sudan,2013,0
Sudan,2014,0
Sudan,2014,0
Sudan,2014,0
Sudan,2014,0
Sudan,2015,0
Sudan,2015,0
Sudan,2015,0
Sudan,2015,0
Sudan,2016,0
Sudan,2016,0
Sudan,2016,0
Sudan,2016,0
Sudan,2017,0
Suriname,2009,0
Suriname,2009,0
Suriname,2009,0
Suriname,2009,0
Suriname,2010,0
Suriname,2010,20
Suriname,2010,0
Suriname,2010,0
Suriname,2011,0
Suriname,2011,26
Suriname,2011,94
Suriname,2011,0
Suriname,2012,143
Suriname,2012,127
Suriname,2012,100
Suriname,2012,14
Suriname,2013,110
Suriname,2013,196
Suriname,2013,0
Suriname,2013,0
Suriname,2014,21.255
Suriname,2014,45.60075
Suriname,2014,0
Suriname,2014,11.025
Suriname,2015,84.885
Suriname,2015,0
Suriname,2015,0
Suriname,2015,0
Suriname,2016,0
Suriname,2016,0
Suriname,2016,0
Suriname,2016,0
Suriname,2017,0
Taiwan,2009,0
Taiwan,2009,6
Taiwan,2009,0
Taiwan,2009,0
Taiwan,2010,0
Taiwan,2010,38
Taiwan,2010,6
Taiwan,2010,0
Taiwan,2011,7
Taiwan,2011,48
Taiwan,2011,0
Taiwan,2011,35
Taiwan,2012,7
Taiwan,2012,0
Taiwan,2012,0
Taiwan,2012,13
Taiwan,2013,0
Taiwan,2013,0
Taiwan,2013,0
Taiwan,2013,22
Taiwan,2014,0
Taiwan,2014,0
Taiwan,2014,0
Taiwan,2014,0
Taiwan,2015,0
Taiwan,2015,0
Taiwan,2015,0
Taiwan,2015,0
Taiwan,2016,0
Taiwan,2016,0
Taiwan,2016,0
Taiwan,2016,0
Taiwan,2017,0
Tanzania,2009,0
Tanzania,2009,0
Tanzania,2009,0
Tanzania,2009,0
Tanzania,2010,0
Tanzania,2010,0
Tanzania,2010,179
Tanzania,2010,0
Tanzania,2011,0
Tanzania,2011,0
Tanzania,2011,0
Tanzania,2011,0
Tanzania,2012,21
Tanzania,2012,24
Tanzania,2012,57
Tanzania,2012,0
Tanzania,2013,0
Tanzania,2013,28
Tanzania,2013,0
Tanzania,2013,0
Tanzania,2014,0
Tanzania,2014,164.97
Tanzania,2014,0
Tanzania,2014,66.81
Tanzania,2015,165.3
Tanzania,2015,0
Tanzania,2015,7.0755
Tanzania,2015,40.5
Tanzania,2016,0
Tanzania,2016,0
Tanzania,2016,0
Tanzania,2016,0
Tanzania,2017,0
Thailand,2009,34
Thailand,2009,7
Thailand,2009,0
Thailand,2009,18
Thailand,2010,0
Thailand,2010,151
Thailand,2010,468
Thailand,2010,133
Thailand,2011,242
Thailand,2011,134
Thailand,2011,76
Thailand,2011,211
Thailand,2012,2
Thailand,2012,33
Thailand,2012,24
Thailand,2012,3
Thailand,2013,0
Thailand,2013,52
Thailand,2013,0
Thailand,2013,45
Thailand,2014,219.138
Thailand,2014,834.408
Thailand,2014,27
Thailand,2014,33.57525
Thailand,2015,60.45975
Thailand,2015,0
Thailand,2015,189
Thailand,2015,4.2015
Thailand,2016,73.125
Thailand,2016,53.775
Thailand,2016,0
Thailand,2016,0
Thailand,2017,0
Togo,2009,0
Togo,2009,0
Togo,2009,0
Togo,2009,2441
Togo,2010,50
Togo,2010,3340
Togo,2010,8847
Togo,2010,4095
Togo,2011,7951
Togo,2011,4359
Togo,2011,9311
Togo,2011,13716
Togo,2012,5701
Togo,2012,4671
Togo,2012,18765
Togo,2012,10507
Togo,2013,6437
Togo,2013,3356
Togo,2013,2573
Togo,2013,3031
Togo,2014,7860.336
Togo,2014,13232.5695
Togo,2014,10774.55775
Togo,2014,7072.86375
Togo,2015,6281.55
Togo,2015,4652.64
Togo,2015,9585.9675
Togo,2015,4912.005
Togo,2016,3014.085
Togo,2016,264.675
Togo,2016,0
Togo,2016,0
Togo,2017,0
United Arab Emirates,2009,0
United Arab Emirates,2009,0
United Arab Emirates,2009,0
United Arab Emirates,2009,0
United Arab Emirates,2010,0
United Arab Emirates,2010,0
United Arab Emirates,2010,22
United Arab Emirates,2010,72
United Arab Emirates,2011,117
United Arab Emirates,2011,81
United Arab Emirates,2011,11
United Arab Emirates,2011,0
United Arab Emirates,2012,0
United Arab Emirates,2012,0
United Arab Emirates,2012,0
United Arab Emirates,2012,0
United Arab Emirates,2013,12
United Arab Emirates,2013,0
United Arab Emirates,2013,0
United Arab Emirates,2013,0
United Arab Emirates,2014,0
United Arab Emirates,2014,0
United Arab Emirates,2014,0
United Arab Emirates,2014,0
United Arab Emirates,2015,0
United Arab Emirates,2015,0
United Arab Emirates,2015,0
United Arab Emirates,2015,0
United Arab Emirates,2016,0
United Arab Emirates,2016,0
United Arab Emirates,2016,0
United Arab Emirates,2016,0
United Arab Emirates,2017,0
Unidentified Country,2009,0
Unidentified Country,2009,0
Unidentified Country,2009,0
Unidentified Country,2009,0
Unidentified Country,2010,0
Unidentified Country,2010,0
Unidentified Country,2010,0
Unidentified Country,2010,0
Unidentified Country,2011,0
Unidentified Country,2011,0
Unidentified Country,2011,0
Unidentified Country,2011,0
Unidentified Country,2012,0
Unidentified Country,2012,0
Unidentified Country,2012,0
Unidentified Country,2012,0
Unidentified Country,2013,0
Unidentified Country,2013,0
Unidentified Country,2013,0
Unidentified Country,2013,0
Unidentified Country,2014,0
Unidentified Country,2014,0
Unidentified Country,2014,4.575
Unidentified Country,2014,0
Unidentified Country,2015,0
Unidentified Country,2015,0
Unidentified Country,2015,0
Unidentified Country,2015,0
Unidentified Country,2016,0
Unidentified Country,2016,0
Unidentified Country,2016,0
Unidentified Country,2016,0
Unidentified Country,2017,0
Vanuatu,2009,0
Vanuatu,2009,0
Vanuatu,2009,0
Vanuatu,2009,0
Vanuatu,2010,0
Vanuatu,2010,0
Vanuatu,2010,0
Vanuatu,2010,0
Vanuatu,2011,0
Vanuatu,2011,0
Vanuatu,2011,0
Vanuatu,2011,0
Vanuatu,2012,0
Vanuatu,2012,0
Vanuatu,2012,0
Vanuatu,2012,0
Vanuatu,2013,0
Vanuatu,2013,0
Vanuatu,2013,0
Vanuatu,2013,0
Vanuatu,2014,0
Vanuatu,2014,0
Vanuatu,2014,4.35
Vanuatu,2014,0
Vanuatu,2015,37.2075
Vanuatu,2015,4.8165
Vanuatu,2015,0
Vanuatu,2015,78.75
Vanuatu,2016,93.3975
Vanuatu,2016,320.32875
Vanuatu,2016,465.19125
Vanuatu,2016,267.8445
Vanuatu,2017,213.075
Vietnam,2009,2088
Vietnam,2009,2322
Vietnam,2009,2657
Vietnam,2009,2682
Vietnam,2010,2068
Vietnam,2010,1349
Vietnam,2010,4635
Vietnam,2010,13931
Vietnam,2011,11166
Vietnam,2011,31613
Vietnam,2011,49893
Vietnam,2011,30359
Vietnam,2012,41319
Vietnam,2012,23007
Vietnam,2012,7608
Vietnam,2012,7433
Vietnam,2013,1500
Vietnam,2013,6012
Vietnam,2013,21884
Vietnam,2013,16149
Vietnam,2014,45175.248
Vietnam,2014,45605.17425
Vietnam,2014,23494.2705
Vietnam,2014,16957.182
Vietnam,2015,2101.19925
Vietnam,2015,1427.20275
Vietnam,2015,1247.148
Vietnam,2015,1856.415
Vietnam,2016,4396.02675
Vietnam,2016,6170.7015
Vietnam,2016,10771.0395
Vietnam,2016,15556.73775
Vietnam,2017,15950.907
World,2009,12330
World,2009,23046
World,2009,25849
World,2009,29758
World,2010,26506
World,2010,41427
World,2010,68648
World,2010,99579
World,2011,81930
World,2011,110879
World,2011,190433
World,2011,181632
World,2012,186316
World,2012,194893
World,2012,193990
World,2012,182398
World,2013,250179
World,2013,280977
World,2013,262199
World,2013,263156
World,2014,505968.6218
World,2014,517225.8165
World,2014,435784.68
World,2014,255410.0888
World,2015,186407.1863
World,2015,181723.899
World,2015,232214.8193
World,2015,112842.8348
World,2016,156215.955
World,2016,251717.3213
World,2016,182826
World,2016,223997.949
World,2017,280732.7745
Zambia,2009,0
Zambia,2009,0
Zambia,2009,0
Zambia,2009,0
Zambia,2010,0
Zambia,2010,0
Zambia,2010,0
Zambia,2010,0
Zambia,2011,0
Zambia,2011,0
Zambia,2011,0
Zambia,2011,0
Zambia,2012,0
Zambia,2012,0
Zambia,2012,10
Zambia,2012,0
Zambia,2013,27
Zambia,2013,40
Zambia,2013,560
Zambia,2013,862
Zambia,2014,207.9855
Zambia,2014,791.18025
Zambia,2014,662.8725
Zambia,2014,562.53975
Zambia,2015,196.5375
Zambia,2015,104.85
Zambia,2015,263.2125
Zambia,2015,418.8675
Zambia,2016,194.3625
Zambia,2016,0
Zambia,2016,73.47
Zambia,2016,200.037
Zambia,2017,18.75